{"cameraMode":{"drawMode":0,"name":"Shaded","section":"Shading Mode"},"sceneLighting":false,"audioPlay":false,"sceneViewState":{"showFog":true,"showMaterialUpdate":false,"showSkybox":false,"showFlares":true,"showImageEffects":true,"showParticleSystems":true},"in2DMode":false,"pivot":{"x":27.860000610351564,"y":0.48845741152763369,"z":19.389999389648439},"rotation":{"x":0.20077532529830934,"y":-0.05727174133062363,"z":0.011759255081415177,"w":0.9778943657875061},"size":1.2483271360397339,"orthographic":false}