{"cameraMode":{"drawMode":0,"name":"Shaded","section":"Shading Mode"},"sceneLighting":true,"audioPlay":false,"sceneViewState":{"showFog":true,"showMaterialUpdate":false,"showSkybox":false,"showFlares":true,"showImageEffects":true,"showParticleSystems":true},"in2DMode":false,"pivot":{"x":23.34577178955078,"y":9.403861999511719,"z":27.8392333984375},"rotation":{"x":-0.010542567819356919,"y":0.9302336573600769,"z":-0.02680704928934574,"w":-0.36584144830703738},"size":21.48098373413086,"orthographic":false}