{"cameraMode":{"drawMode":0,"name":"Shaded","section":"Shading Mode"},"sceneLighting":true,"audioPlay":false,"sceneViewState":{"showFog":true,"showMaterialUpdate":false,"showSkybox":false,"showFlares":true,"showImageEffects":true,"showParticleSystems":true},"in2DMode":false,"pivot":{"x":45.68281936645508,"y":78.31108093261719,"z":-48.03269577026367},"rotation":{"x":0.20077532529830934,"y":-0.05727174133062363,"z":0.011759255081415177,"w":0.9778943657875061},"size":19.026111602783204,"orthographic":false}