{"cameraMode":{"drawMode":0,"name":"Shaded","section":"Shading Mode"},"sceneLighting":false,"audioPlay":false,"sceneViewState":{"showFog":true,"showMaterialUpdate":false,"showSkybox":false,"showFlares":true,"showImageEffects":true,"showParticleSystems":true},"in2DMode":false,"pivot":{"x":35.917572021484378,"y":24.14944076538086,"z":32.92005920410156},"rotation":{"x":0.20077532529830934,"y":-0.05727174133062363,"z":0.011759255081415177,"w":0.9778943657875061},"size":100.67848205566406,"orthographic":false}