{"cameraMode":{"drawMode":0,"name":"Shaded","section":"Shading Mode"},"sceneLighting":true,"audioPlay":false,"sceneViewState":{"showFog":true,"showMaterialUpdate":false,"showSkybox":true,"showFlares":true,"showImageEffects":true,"showParticleSystems":true},"in2DMode":false,"pivot":{"x":14.682907104492188,"y":11.511811256408692,"z":18.858980178833009},"rotation":{"x":-0.07840753346681595,"y":0.9071111083030701,"z":-0.195060595870018,"w":-0.36462682485580447},"size":11.122180938720704,"orthographic":false}