{"cameraMode":{"drawMode":0,"name":"Shaded","section":"Shading Mode"},"sceneLighting":false,"audioPlay":false,"sceneViewState":{"showFog":true,"showMaterialUpdate":false,"showSkybox":false,"showFlares":true,"showImageEffects":true,"showParticleSystems":true},"in2DMode":false,"pivot":{"x":37.481719970703128,"y":0.5000176429748535,"z":19.591766357421876},"rotation":{"x":0.20077532529830934,"y":-0.05727174133062363,"z":0.011759255081415177,"w":0.9778943657875061},"size":17.557756423950197,"orthographic":false}