{"cameraMode":{"drawMode":0,"name":"Shaded","section":"Shading Mode"},"sceneLighting":true,"audioPlay":false,"sceneViewState":{"showFog":true,"showMaterialUpdate":false,"showSkybox":true,"showFlares":true,"showImageEffects":true,"showParticleSystems":true},"in2DMode":false,"pivot":{"x":33.847652435302737,"y":3.309628486633301,"z":37.560569763183597},"rotation":{"x":0.14777380228042603,"y":0.04893564060330391,"z":-0.007320392411202192,"w":0.9877848625183106},"size":540.0133666992188,"orthographic":false}