{"cameraMode":{"drawMode":0,"name":"Shaded","section":"Shading Mode"},"sceneLighting":true,"audioPlay":false,"sceneViewState":{"showFog":true,"showMaterialUpdate":false,"showSkybox":true,"showFlares":true,"showImageEffects":true,"showParticleSystems":true},"in2DMode":false,"pivot":{"x":42.506019592285159,"y":-22.80838394165039,"z":139.93203735351563},"rotation":{"x":0.20077532529830934,"y":-0.05727174133062363,"z":0.011759255081415177,"w":0.9778943657875061},"size":75.2451400756836,"orthographic":false}