{"cameraMode":{"drawMode":0,"name":"Shaded","section":"Shading Mode"},"sceneLighting":true,"audioPlay":false,"sceneViewState":{"showFog":true,"showMaterialUpdate":false,"showSkybox":true,"showFlares":true,"showImageEffects":true,"showParticleSystems":true},"in2DMode":false,"pivot":{"x":-26.716468811035158,"y":-2.3310322761535646,"z":28.113475799560548},"rotation":{"x":0.03967924416065216,"y":-0.6535056829452515,"z":0.03434063121676445,"w":0.755100667476654},"size":31.655200958251954,"orthographic":false}